Category,Resume
Data Science,"Technical Skills: Python, R, SQL, Machine Learning, Deep Learning, Data Visualization. Tools: TensorFlow, Scikit-Learn, Pandas, NumPy, Tableau. Education: Master of Science in Data Science from XYZ University. Projects: Developed predictive models for customer churn using logistic regression and ensemble methods; built interactive dashboards for real-time data analytics; performed data cleaning and feature engineering on large datasets. Work Experience: Data Scientist at ABC Analytics – led data modeling efforts to optimize business operations."
Software Engineer,"Technical Skills: Python, Java, C++, JavaScript. Frameworks: React, Node.js, Spring Boot. Tools: Git, Docker, Kubernetes, Jenkins. Education: Bachelor of Technology in Computer Science from DEF Institute. Projects: Designed and implemented RESTful APIs for scalable web applications; integrated microservices architecture with containerization; performed unit testing and code reviews to ensure software quality. Work Experience: Software Engineer at Tech Innovations – developed enterprise-level software solutions in an agile environment."
Software Developer,"Technical Skills: C#, .NET, SQL, HTML, CSS, JavaScript. Tools: Visual Studio, Git, Azure DevOps, Docker. Education: Bachelor of Engineering in Software Engineering from GHI University. Projects: Developed a cloud-based inventory management system; implemented front-end features with Angular and back-end services with ASP.NET; automated testing procedures to improve software reliability. Work Experience: Software Developer at Global Solutions – contributed to full-cycle software development, from design to deployment."
Data Science,"Technical Skills: Python, R, SQL, Apache Spark, Hadoop. Tools: Jupyter, Tableau, Scikit-Learn, Keras. Education: Master of Data Analytics from JKL University. Projects: Built machine learning models to predict sales trends; performed sentiment analysis on social media data; developed ETL pipelines to process structured and unstructured data. Work Experience: Data Analyst at DataInsights – optimized data workflows and visualized complex datasets to drive business decisions."
Software Engineer,"Technical Skills: Go, JavaScript, TypeScript, Node.js, React. Tools: Git, Docker, AWS, Jenkins. Education: Bachelor of Science in Computer Science from MNO College. Projects: Engineered scalable web applications and microservices; implemented serverless functions on AWS; collaborated with cross-functional teams in agile sprints. Work Experience: Software Engineer at NextGen Tech – responsible for end-to-end development of high-traffic web platforms."
Software Developer,"Technical Skills: Ruby, Rails, PostgreSQL, JavaScript, HTML, CSS. Tools: Git, Docker, Heroku, CircleCI. Education: Bachelor in Computer Science from PQR University. Projects: Developed e-commerce platforms with Ruby on Rails; integrated third-party APIs; managed deployment pipelines with continuous integration. Work Experience: Software Developer at Web Solutions – delivered dynamic web applications with a focus on user experience."
Data Science,"Technical Skills: Python, R, SQL, Data Mining, Statistical Modeling, Machine Learning. Tools: SPSS, SAS, Matplotlib, Seaborn. Education: Bachelor of Science in Statistics from STU College. Projects: Conducted extensive data mining and predictive modeling for retail sales forecasting; developed interactive data visualizations. Work Experience: Data Scientist at Retail Analytics – improved sales forecasting accuracy by 15% through advanced modeling techniques."
Software Engineer,"Technical Skills: Java, Scala, Kotlin, JavaScript. Frameworks: Spring, Play, Akka. Tools: Git, Maven, Docker, Jenkins. Education: Bachelor of Engineering in Computer Science from VWX University. Projects: Developed high-performance backend systems; implemented concurrency models; designed scalable distributed systems. Work Experience: Software Engineer at FinTech Innovators – built robust financial applications handling millions of transactions daily."
Software Developer,"Technical Skills: PHP, Laravel, MySQL, JavaScript, HTML, CSS. Tools: Git, Docker, Apache, Composer. Education: Bachelor of Science in Information Technology from YZA Institute. Projects: Designed and implemented dynamic websites; optimized database queries for improved performance; collaborated on RESTful API development. Work Experience: Software Developer at Digital Media – enhanced website functionality and user engagement."
Data Science,"Technical Skills: Python, Julia, SQL, Machine Learning, Data Visualization. Tools: Pandas, Scikit-Learn, Plotly, D3.js. Education: Master in Data Science from BCD University. Projects: Developed recommendation systems; created dashboards to track key performance indicators; automated data processing tasks. Work Experience: Data Scientist at Innovate Analytics – transformed raw data into actionable insights for business strategy."
Software Engineer,"Technical Skills: Python, JavaScript, Java, C#, SQL. Frameworks: Django, Angular, .NET Core. Tools: Git, Docker, AWS, Azure DevOps. Education: Bachelor of Science in Computer Science from EFG Institute. Projects: Built scalable cloud applications; integrated multiple third-party services; performed rigorous testing and debugging. Work Experience: Software Engineer at GlobalTech – contributed to both frontend and backend development."
Software Developer,"Technical Skills: Swift, Objective-C, iOS SDK, Xcode, RESTful APIs. Education: Bachelor of Science in Software Engineering from HIJ University. Projects: Developed mobile applications for iOS; implemented custom UI components; integrated with backend services. Work Experience: Software Developer at Mobile Apps Inc. – delivered high-quality iOS applications to enhance customer engagement."
Data Science,"Technical Skills: Python, R, SQL, Machine Learning, NLP, Big Data. Tools: Hadoop, Spark, TensorFlow, Scikit-Learn, Pandas. Education: Master of Science in Artificial Intelligence from KLM University. Projects: Created sentiment analysis models; implemented big data solutions for processing streaming data; optimized feature engineering pipelines. Work Experience: Data Scientist at BigData Corp – drove data-driven decision making with scalable analytics solutions."
Software Engineer,"Technical Skills: C++, Python, JavaScript, HTML, CSS. Frameworks: Vue.js, Node.js, Express. Tools: Git, Docker, AWS, Jenkins. Education: Bachelor of Engineering in Computer Science from NOP Institute. Projects: Developed real-time web applications; integrated RESTful services; maintained code quality through automated testing. Work Experience: Software Engineer at Creative Solutions – built innovative software products for diverse industries."
Machine Learning Engineer,"Technical Skills: Python, TensorFlow, PyTorch, Keras, Scikit-Learn, SQL. Tools: Jupyter Notebook, Docker, Git, AWS, Apache Spark. Education: Master of Science in Machine Learning from RST University. Projects: Developed neural network models for image recognition; optimized training pipelines; deployed machine learning models into production environments. Work Experience: Machine Learning Engineer at AI Labs – led the development and deployment of machine learning solutions for various industries."
Data Science,"Technical Skills: Python, R, SQL, Data Analysis, Visualization, Predictive Modeling. Tools: PowerBI, Tableau, Pandas, NumPy, Scikit-Learn. Education: Bachelor of Science in Data Analytics from UVW College. Projects: Analyzed customer data to predict purchasing behavior; developed interactive dashboards to visualize key metrics; automated data aggregation processes. Work Experience: Data Analyst at Market Insights – provided data-driven recommendations to enhance business strategies."
